,words,counts
0,get,206
1,ft,178
2,kir,105
3,kan,74
4,much,65
5,love,60
6,go,59
7,want,57
8,man,57
9,like,57
10,black,53
11,lil,53
12,one,49
13,rock,49
14,good,48
15,khan,48
16,sock,47
17,captain,46
18,mccoy,46
19,marla,45
20,break,44
21,day,44
22,time,42
23,hot,42
24,make,41
25,de,39
26,would,35
27,remix,35
28,big,34
29,let,34
30,come,33
31,boy,33
32,take,32
33,feel,32
34,van,31
35,metallica,31
36,leave,31
37,yes,30
38,five,30
39,ta,30
40,long,29
41,live,29
42,know,29
43,away,29
44,scott,29
45,back,28
46,ade,28
47,death,28
48,night,28
49,way,27
50,heart,27
51,right,27
52,young,27
53,bear,26
54,finger,26
55,bridge,26
56,king,26
57,find,25
58,baby,25
59,sabbath,25
60,life,25
61,punch,24
62,ozzy,24
63,osbourne,24
64,kid,24
65,roll,23
66,bring,23
67,little,23
68,disturb,22
69,name,22
70,park,22
71,grace,22
72,work,21
73,fall,21
74,link,21
75,never,21
76,mister,21
77,please,21
78,girl,20
79,bad,20
80,n,20
81,world,20
82,shinedown,20
83,vessel,20
84,two,19
85,godsmack,19
86,home,19
87,kiss,19
88,gun,19
89,nothing,19
90,give,19
91,summer,19
92,three,19
93,head,19
94,numb,19
95,say,19
96,see,19
97,sir,19
98,kirk,19
99,def,18
100,old,18
101,hear,18
102,benjamin,18
103,la,18
104,na,17
105,dream,17
106,eye,17
107,system,17
108,year,17
109,star,17
110,question,17
111,keep,16
112,leopard,16
113,seether,16
114,last,16
115,stone,16
116,papa,16
117,roach,16
118,song,16
119,may,16
120,ship,16
121,oc,16
122,stock,16
123,da,16
124,soul,15
125,machine,15
126,iron,15
127,maiden,15
128,die,15
129,stay,15
130,new,15
131,fade,15
132,dance,15
133,oh,15
134,c,15
135,engineer,15
136,mcgivers,15
137,look,14
138,still,14
139,rage,14
140,aerosmith,14
141,fire,14
142,white,14
143,tool,14
144,judas,14
145,priest,14
146,evil,14
147,try,14
148,well,14
149,us,14
150,jay,14
151,crazy,13
152,mind,13
153,blue,13
154,rich,13
155,war,13
156,dark,13
157,high,13
158,pop,13
159,rose,13
160,something,13
161,zombie,13
162,alone,13
163,woman,13
164,avenger,13
165,sevenfold,13
166,change,13
167,g,13
168,u,12
169,alice,12
170,alive,12
171,horizon,12
172,stand,12
173,slipknot,12
174,angel,12
175,wait,12
176,dead,12
177,true,12
178,lieutenant,12
179,lady,11
180,cold,11
181,bullet,11
182,hell,11
183,burn,11
184,light,11
185,volbeat,11
186,devil,11
187,heaven,11
188,read,11
189,save,11
190,thing,11
191,bone,11
192,ooh,11
193,beat,11
194,need,11
195,doe,11
196,wonder,11
197,lose,11
198,glide,11
199,della,11
200,call,10
201,remember,10
202,poison,10
203,moment,10
204,show,10
205,hold,10
206,scorpion,10
207,lead,10
208,doctor,10
209,always,10
210,floor,10
211,close,10
212,shoot,10
213,room,10
214,run,10
215,earth,10
216,think,10
217,century,10
218,botany,10
219,bay,10
220,fact,10
221,chorus,10
222,j,10
223,b,10
224,understand,9
225,turn,9
226,god,9
227,party,9
228,wan,9
229,walk,9
230,deep,9
231,thousand,9
232,engage,9
233,dio,9
234,sour,9
235,human,9
236,queen,9
237,red,9
238,nine,9
239,inch,9
240,nail,9
241,rise,9
242,talk,9
243,mean,9
244,rob,9
245,control,9
246,chevelle,9
247,cry,9
248,city,9
249,rule,9
250,motley,9
251,bull,9
252,around,9
253,honey,9
254,﻿1,9
255,open,9
256,put,9
257,verse,9
258,layla,9
259,mike,9
260,tha,9
261,place,8
262,megadeth,8
263,halestorm,8
264,pantera,8
265,cooper,8
266,hand,8
267,foot,8
268,-PRON-,8
269,limp,8
270,bizkit,8
271,another,8
272,stop,8
273,child,8
274,ride,8
275,minute,8
276,hate,8
277,easy,8
278,sevendust,8
279,chain,8
280,kill,8
281,wrong,8
282,sleep,8
283,space,8
284,ask,8
285,train,8
286,fly,8
287,lie,8
288,late,8
289,far,8
290,hill,8
291,people,8
292,use,8
293,else,8
294,blow,8
295,past,8
296,x,8
297,l,8
298,chris,8
299,david,8
300,sound,7
301,hey,7
302,fine,7
303,purple,7
304,beartooth,7
305,welcome,7
306,nonpoint,7
307,valentine,7
308,soundgarden,7
309,moorhead,7
310,tell,7
311,gon,7
312,rainbow,7
313,wall,7
314,tear,7
315,help,7
316,sky,7
317,skilled,7
318,faith,7
319,record,7
320,without,7
321,freak,7
322,runaway,7
323,sign,7
324,chip,7
325,prevail,7
326,great,7
327,sweet,7
328,drop,7
329,james,7
330,air,7
331,brown,7
332,friend,7
333,mine,7
334,inside,7
335,everybody,7
336,twist,7
337,cut,7
338,smoke,7
339,type,7
340,uhura,7
341,group,7
342,quarter,7
343,many,7
344,ever,7
345,trip,7
346,quite,7
347,channel,7
348,beg,7
349,music,7
350,fresh,7
351,money,7
352,jr,7
353,eric,7
354,future,7
355,kelly,7
356,christmas,7
357,ty,7
358,yung,7
359,pretty,6
360,heat,6
361,hit,6
362,fever,6
363,dog,6
364,mud,6
365,crawl,6
366,behind,6
367,skid,6
368,row,6
369,killswitch,6
370,motionless,6
371,tonight,6
372,door,6
373,nice,6
374,line,6
375,heavy,6
376,scream,6
377,end,6
378,dirty,6
379,scar,6
380,car,6
381,pain,6
382,gate,6
383,power,6
384,mob,6
385,mr,6
386,somebody,6
387,face,6
388,land,6
389,warrant,6
390,really,6
391,straight,6
392,school,6
393,gentleman,6
394,date,6
395,wolf,6
396,body,6
397,lt,6
398,sun,6
399,nobody,6
400,zeppelin,6
401,bite,6
402,animal,6
403,chance,6
404,step,6
405,guitar,6
406,thank,6
407,deck,6
408,enterprise,6
409,interest,6
410,jim,6
411,must,6
412,happen,6
413,kind,6
414,even,6
415,sit,6
416,mare,6
417,watch,6
418,guard,6
419,move,6
420,gas,6
421,meet,6
422,darling,6
423,groove,6
424,p,6
425,sean,6
426,prince,6
427,gang,6
428,joey,6
429,wayne,6
430,grey,6
431,thug,6
432,dan,6
433,danger,5
434,drive,5
435,storm,5
436,double,5
437,gh,5
438,smash,5
439,ghost,5
440,marilyn,5
441,manson,5
442,eat,5
443,remain,5
444,paddle,5
445,hangar,5
446,sick,5
447,theory,5
448,draw,5
449,suspect,5
450,american,5
451,age,5
452,win,5
453,ted,5
454,nugent,5
455,audioslave,5
456,lock,5
457,leader,5
458,adelitas,5
459,care,5
460,ten,5
461,rapper,5
462,dokken,5
463,case,5
464,free,5
465,atreyu,5
466,hellyeah,5
467,mudvayne,5
468,happy,5
469,eagle,5
470,today,5
471,battle,5
472,voice,5
473,street,5
474,cult,5
475,repeat,5
476,monster,5
477,green,5
478,awake,5
479,fight,5
480,weapon,5
481,capture,5
482,ace,5
483,touch,5
484,beautiful,5
485,ice,5
486,push,5
487,ball,5
488,flight,5
489,midnight,5
490,mark,5
491,lion,5
492,jam,5
493,whole,5
494,treat,5
495,cool,5
496,start,5
497,pass,5
498,hope,5
499,spinelli,5
500,log,5
501,hour,5
502,officer,5
503,across,5
504,travel,5
505,planet,5
506,guess,5
507,mix,5
508,medical,5
509,book,5
510,twelve,5
511,simple,5
512,ward,5
513,command,5
514,answer,5
515,grow,5
516,common,5
517,superman,5
518,alexander,5
519,excellent,5
520,knee,5
521,brief,5
522,security,5
523,matt,5
524,reel,5
525,cash,5
526,search,5
527,tyler,5
528,boogie,5
529,denzel,5
530,e,5
531,gucci,5
532,max,5
533,dogg,5
534,von,5
535,pt,5
536,ign,5
537,stunna,5
538,vega,5
539,dress,4
540,wild,4
541,magnificent,4
542,build,4
543,top,4
544,tom,4
545,road,4
546,foo,4
547,fighter,4
548,prime,4
549,drag,4
550,tomorrow,4
551,bottom,4
552,kutch,4
553,ufo,4
554,riot,4
555,situation,4
556,miracle,4
557,lou,4
558,loose,4
559,deadman,4
560,metal,4
561,probably,4
562,factory,4
563,px,4
564,sammy,4
565,ready,4
566,son,4
567,diamond,4
568,lord,4
569,salina,4
570,hero,4
571,shadow,4
572,bleed,4
573,bon,4
574,jovi,4
575,dare,4
576,noise,4
577,digital,4
578,boom,4
579,hair,4
580,forget,4
581,rhythm,4
582,ash,4
583,fool,4
584,trivium,4
585,sometimes,4
586,apart,4
587,miss,4
588,flame,4
589,highway,4
590,cinderella,4
591,till,4
592,fake,4
593,thin,4
594,since,4
595,wear,4
596,rocket,4
597,whitesnake,4
598,waste,4
599,write,4
600,quiet,4
601,bang,4
602,rate,4
603,breathe,4
604,crow,4
605,youth,4
606,beastie,4
607,drink,4
608,shy,4
609,stick,4
610,smooth,4
611,bell,4
612,lift,4
613,glass,4
614,rush,4
615,enter,4
616,band,4
617,share,4
618,pick,4
619,appear,4
620,class,4
621,report,4
622,full,4
623,alert,4
624,small,4
625,although,4
626,seventy,4
627,course,4
628,attempt,4
629,improve,4
630,breed,4
631,beam,4
632,join,4
633,historian,4
634,follow,4
635,transporter,4
636,trigger,4
637,begin,4
638,revive,4
639,estimate,4
640,board,4
641,starbase,4
642,sickbay,4
643,sorry,4
644,bed,4
645,low,4
646,base,4
647,technical,4
648,manual,4
649,catch,4
650,view,4
651,screen,4
652,napoleon,4
653,soft,4
654,staff,4
655,picture,4
656,strong,4
657,post,4
658,chief,4
659,chamber,4
660,chase,4
661,lonely,4
662,ease,4
663,insane,4
664,south,4
665,bus,4
666,wood,4
667,hoo,4
668,key,4
669,th,4
670,mafia,4
671,bank,4
672,daddy,4
673,brother,4
674,ali,4
675,rhyme,4
676,h,4
677,french,4
678,mack,4
679,dave,4
680,curry,4
681,mile,4
682,jazz,4
683,kay,4
684,michael,4
685,mac,4
686,jon,4
687,tree,4
688,flo,4
689,starr,4
690,montana,4
691,mane,4
692,guida,4
693,allen,4
694,jones,4
695,josh,4
696,k,4
697,kyle,4
698,load,4
699,mill,4
700,f,4
701,pack,4
702,phra,4
703,rae,4
704,russ,4
705,lucca,4
706,snow,4
707,southside,4
708,steve,4
709,travis,4
710,lee,4
711,tiga,4
712,yo,4
713,youngboy,4
714,gladly,4
715,pink,4
716,julia,4
717,clark,4
718,foreign,4
719,ndija,4
720,whené,4
721,aiko,4
722,natewantstobattle,4
723,tracy,4
724,ally,4
725,paloma,4
726,promise,3
727,shack,3
728,perfect,3
729,enemy,3
730,hail,3
731,jesus,3
732,cat,3
733,forever,3
734,mouth,3
735,america,3
736,piece,3
737,strange,3
738,alter,3
739,town,3
740,butterfly,3
741,enough,3
742,gray,3
743,shame,3
744,different,3
745,bitch,3
746,deal,3
747,incubus,3
748,highly,3
749,bop,3
750,fee,3
751,fear,3
752,box,3
753,peace,3
754,drug,3
755,clown,3
756,speak,3
757,four,3
758,mirror,3
759,deftones,3
760,invincible,3
761,num,3
762,nightmare,3
763,staticx,3
764,boot,3
765,magic,3
766,scooter,3
767,stupid,3
768,intruder,3
769,figure,3
770,tesla,3
771,warrior,3
772,foghat,3
773,due,3
774,root,3
775,mountain,3
776,driver,3
777,alexandria,3
778,sister,3
779,everything,3
780,outside,3
781,goodbye,3
782,memphis,3
783,dr,3
784,count,3
785,cowboy,3
786,starlet,3
787,misery,3
788,authority,3
789,play,3
790,become,3
791,diary,3
792,jane,3
793,company,3
794,r,3
795,underground,3
796,wish,3
797,bow,3
798,blood,3
799,seal,3
800,sad,3
801,state,3
802,spark,3
803,hide,3
804,puppy,3
805,electric,3
806,house,3
807,hurricane,3
808,lover,3
809,six,3
810,hard,3
811,slow,3
812,super,3
813,click,3
814,shake,3
815,leaf,3
816,single,3
817,brand,3
818,radio,3
819,saint,3
820,twice,3
821,alien,3
822,ant,3
823,holy,3
824,every,3
825,dig,3
826,pride,3
827,allow,3
828,bob,3
829,round,3
830,master,3
831,return,3
832,fast,3
833,sensor,3
834,signal,3
835,though,3
836,per,3
837,sort,3
838,alongside,3
839,continue,3
840,aboard,3
841,acknowledge,3
842,form,3
843,action,3
844,seem,3
845,respiration,3
846,check,3
847,list,3
848,period,3
849,sure,3
850,logic,3
851,expect,3
852,atmosphere,3
853,compartment,3
854,20,3
855,solid,3
856,blame,3
857,negative,3
858,history,3
859,colony,3
860,totally,3
861,population,3
862,aye,3
863,arm,3
864,main,3
865,tech,3
866,throat,3
867,correct,3
868,intercom,3
869,starship,3
870,reach,3
871,note,3
872,product,3
873,superior,3
874,natural,3
875,table,3
876,senior,3
877,uniform,3
878,dinner,3
879,caution,3
880,petty,3
881,rome,3
882,flee,3
883,afraid,3
884,intend,3
885,anyone,3
886,east,3
887,surprise,3
888,knock,3
889,useless,3
890,shut,3
891,someone,3
892,section,3
893,dash,3
894,savage,3
895,admit,3
896,seed,3
897,instrumental,3
898,worry,3
899,fancy,3
900,part,3
901,dumb,3
902,scene,3
903,pretend,3
904,fill,3
905,number,3
906,hoodie,3
907,asher,3
908,bankroll,3
909,bishop,3
910,crook,3
911,bobby,3
912,brian,3
913,fresco,3
914,killer,3
915,buck,3
916,bust,3
917,cam,3
918,shawn,3
919,flow,3
920,dre,3
921,squad,3
922,lu,3
923,designer,3
924,dizzee,3
925,rascal,3
926,flash,3
927,paul,3
928,poor,3
929,fat,3
930,joe,3
931,fred,3
932,killah,3
933,grand,3
934,mary,3
935,jake,3
936,jeremiah,3
937,joyner,3
938,lucas,3
939,west,3
940,kehlani,3
941,kevin,3
942,john,3
943,curtis,3
944,collins,3
945,lure,3
946,fiasco,3
947,miller,3
948,malta,3
949,terror,3
950,nas,3
951,ns,3
952,nick,3
953,noah,3
954,london,3
955,tay,3
956,rick,3
957,male,3
958,amino,3
959,sonny,3
960,style,3
961,ti,3
962,tate,3
963,short,3
964,xavier,3
965,fn,3
966,gotti,3
967,joyful,3
968,explosion,3
969,cause,3
970,dounia,3
971,headie,3
972,charlie,3
973,popcaan,3
974,lovesick,3
975,ella,3
976,bellinger,3
977,church,3
978,jordan,3
979,beer,3
980,okay,3
981,skylar,3
982,andrea,3
983,karen,3
984,deathbyromy,3
985,leon,3
986,freestyle,3
987,bea,3
988,benny,3
989,ne,3
990,chopra,3
991,saturn,3
992,ot,3
993,gary,3
994,orange,3
995,brooke,3
996,grouplove,3
997,nah,3
998,lucky,3
999,liar,3
1000,marías,3
1001,neyo,3
1002,cyrus,3
1003,sarah,3
1004,mulatto,3
1005,thick,3
1006,daysthis,3
1007,weeksthis,3
1008,monthsyears,3
1009,makingbetter,3
1010,gotsuch,3
1011,lifei,3
1012,winyou,3
1013,probablynew,3
1014,dayanother,3
1015,dollarmanthat,3
1016,lottery,3
1017,sheet,2
1018,lovely,2
1019,excitement,2
1020,boss,2
1021,sport,2
1022,uh,2
1023,shoe,2
1024,label,2
1025,stranger,2
1026,avatar,2
1027,personal,2
1028,kick,2
1029,jacky,2
1030,vain,2
1031,burst,2
1032,velvet,2
1033,revolver,2
1034,wake,2
1035,adrenaline,2
1036,spinal,2
1037,tap,2
1038,lifeline,2
1039,psycho,2
1040,elevator,2
1041,slave,2
1042,truth,2
1043,deliver,2
1044,crown,2
1045,empire,2
1046,blurry,2
1047,curse,2
1048,fuck,2
1049,stab,2
1050,westward,2
1051,unforgiven,2
1052,fuel,2
1053,hungry,2
1054,sex,2
1055,soil,2
1056,danzig,2
1057,jimmy,2
1058,ass,2
1059,pray,2
1060,holiday,2
1061,together,2
1062,rammstein,2
1063,apocalyptic,2
1064,sixteen,2
1065,doom,2
1066,disease,2
1067,pay,2
1068,isolation,2
1069,believe,2
1070,greatness,2
1071,streak,2
1072,business,2
1073,familiar,2
1074,shore,2
1075,famous,2
1076,damage,2
1077,christ,2
1078,montrose,2
1079,candy,2
1080,hammer,2
1081,sell,2
1082,lazy,2
1083,design,2
1084,triumph,2
1085,country,2
1086,billion,2
1087,dollar,2
1088,nowhere,2
1089,doc,2
1090,gravity,2
1091,guilty,2
1092,7,2
1093,cannibal,2
1094,void,2
1095,legendary,2
1096,knight,2
1097,ed,2
1098,deuce,2
1099,season,2
1100,abyss,2
1101,cross,2
1102,pod,2
1103,memory,2
1104,flyleaf,2
1105,hat,2
1106,race,2
1107,dry,2
1108,badflower,2
1109,hellraiser,2
1110,battery,2
1111,underoath,2
1112,habit,2
1113,weak,2
1114,romance,2
1115,evanescence,2
1116,atomic,2
1117,drown,2
1118,madness,2
1119,confusion,2
1120,shout,2
1121,rookie,2
1122,passenger,2
1123,word,2
1124,fuzzy,2
1125,game,2
1126,pig,2
1127,leather,2
1128,parkway,2
1129,lizzy,2
1130,jailbreak,2
1131,oyster,2
1132,stuff,2
1133,grave,2
1134,mistake,2
1135,freedom,2
1136,accept,2
1137,prayer,2
1138,apologize,2
1139,soon,2
1140,trench,2
1141,insect,2
1142,weight,2
1143,notorious,2
1144,doll,2
1145,river,2
1146,firehouse,2
1147,health,2
1148,violence,2
1149,damn,2
1150,bully,2
1151,krutch,2
1152,cypress,2
1153,superstar,2
1154,problem,2
1155,failure,2
1156,gold,2
1157,somewhere,2
1158,turbo,2
1159,detroit,2
1160,transistor,2
1161,od,2
1162,nation,2
1163,jamie,2
1164,mama,2
1165,throne,2
1166,ram,2
1167,demon,2
1168,family,2
1169,jet,2
1170,ola,2
1171,thunder,2
1172,geminus,2
1173,suicide,2
1174,rearrange,2
1175,circle,2
1176,pardon,2
1177,slaughter,2
1178,farm,2
1179,criminal,2
1180,silver,2
1181,defeat,2
1182,vice,2
1183,spider,2
1184,haunt,2
1185,almost,2
1186,2,2
1187,sugar,2
1188,dirt,2
1189,cheap,2
1190,talkin,2
1191,moon,2
1192,legend,2
1193,water,2
1194,login,2
1195,photograph,2
1196,bulletproof,2
1197,side,2
1198,paradise,2
1199,chop,2
1200,law,2
1201,parade,2
1202,teen,2
1203,paranoid,2
1204,sandman,2
1205,upon,2
1206,pound,2
1207,test,2
1208,sing,2
1209,ring,2
1210,definitely,2
1211,hardly,2
1212,sector,2
1213,speaker,2
1214,code,2
1215,pleasure,2
1216,emotional,2
1217,weakness,2
1218,exact,2
1219,automatic,2
1220,status,2
1221,bioscanners,2
1222,faint,2
1223,equipment,2
1224,function,2
1225,hull,2
1226,completely,2
1227,maintain,2
1228,near,2
1229,pit,2
1230,however,2
1231,era,2
1232,eugenics,2
1233,selective,2
1234,ambitious,2
1235,scientist,2
1236,rig,2
1237,tractor,2
1238,onto,2
1239,actually,2
1240,choice,2
1241,complete,2
1242,mechanism,2
1243,unit,2
1244,sleeper,2
1245,suspend,2
1246,animation,2
1247,involve,2
1248,possible,2
1249,increase,2
1250,eight,2
1251,gaze,2
1252,decide,2
1253,forty,2
1254,area,2
1255,fifty,2
1256,latin,2
1257,circuit,2
1258,thirty,2
1259,ahead,2
1260,casualty,2
1261,operate,2
1262,consider,2
1263,penal,2
1264,australia,2
1265,illogical,2
1266,spaceship,2
1267,none,2
1268,tow,2
1269,refuse,2
1270,match,2
1271,performance,2
1272,personally,2
1273,overlook,2
1274,fair,2
1275,stretch,2
1276,anything,2
1277,scalpel,2
1278,lean,2
1279,choke,2
1280,english,2
1281,effective,2
1282,release,2
1283,brave,2
1284,patient,2
1285,lifesupport,2
1286,early,2
1287,fatigue,2
1288,nature,2
1289,study,2
1290,hundred,2
1291,library,2
1292,tape,2
1293,among,2
1294,ability,2
1295,create,2
1296,eighty,2
1297,finally,2
1298,text,2
1299,purpose,2
1300,comfortable,2
1301,couple,2
1302,scientific,2
1303,mess,2
1304,lay,2
1305,idea,2
1306,curiosity,2
1307,technique,2
1308,richard,2
1309,ericson,2
1310,progress,2
1311,serve,2
1312,adventure,2
1313,tyranny,2
1314,effort,2
1315,team,2
1316,whip,2
1317,accomplishment,2
1318,attack,2
1319,social,2
1320,occasion,2
1321,offer,2
1322,mystery,2
1323,force,2
1324,agree,2
1325,harm,2
1326,large,2
1327,noonien,2
1328,singh,2
1329,middle,2
1330,tyrant,2
1331,seat,2
1332,plain,2
1333,shirt,2
1334,strength,2
1335,phase,2
1336,skull,2
1337,joaquin,2
1338,kai,2
1339,factor,2
1340,communication,2
1341,inoperative,2
1342,route,2
1343,flood,2
1344,impossible,2
1345,suffocate,2
1346,everyone,2
1347,stargate,2
1348,uhuru,2
1349,listen,2
1350,except,2
1351,device,2
1352,gain,2
1353,decompression,2
1354,regain,2
1355,next,2
1356,corridor,2
1357,rodriguez,2
1358,anesthesia,2
1359,clear,2
1360,overload,2
1361,difficult,2
1362,alpha,2
1363,tame,2
1364,milton,2
1365,statement,2
1366,riff,2
1367,upside,2
1368,quick,2
1369,news,2
1370,downtown,2
1371,flag,2
1372,persuasion,2
1373,scheme,2
1374,suspicion,2
1375,makeup,2
1376,fantasize,2
1377,shock,2
1378,ohwhooh,2
1379,outnumber,2
1380,ooooh,2
1381,woo,2
1382,grieve,2
1383,fortune,2
1384,role,2
1385,bass,2
1386,juvenile,2
1387,color,2
1388,mg,2
1389,posse,2
1390,wit,2
1391,fern,2
1392,hood,2
1393,aesop,2
1394,alley,2
1395,anderson,2
1396,apollo,2
1397,kane,2
1398,moe,2
1399,birdman,2
1400,marie,2
1401,bizzy,2
1402,milk,2
1403,wow,2
1404,bee,2
1405,cassidy,2
1406,ca,2
1407,ox,2
1408,steel,2
1409,capone,2
1410,casey,2
1411,veggies,2
1412,hamilton,2
1413,china,2
1414,chuck,2
1415,cory,2
1416,cousin,2
1417,craig,2
1418,current,2
1419,brat,2
1420,danny,2
1421,das,2
1422,banner,2
1423,jack,2
1424,dee,2
1425,loaf,2
1426,del,2
1427,funky,2
1428,porter,2
1429,derek,2
1430,dion,2
1431,clay,2
1432,drama,2
1433,mustard,2
1434,screw,2
1435,dom,2
1436,kennedy,2
1437,guru,2
1438,earthgang,2
1439,elephant,2
1440,rahim,2
1441,father,2
1442,map,2
1443,fox,2
1444,ocean,2
1445,nasty,2
1446,freddie,2
1447,gibbs,2
1448,santana,2
1449,furious,2
1450,gangsta,2
1451,walker,2
1452,ghostface,2
1453,gab,2
1454,gorilla,2
1455,grandmaster,2
1456,hitboy,2
1457,hurt,2
1458,icon,2
1459,ill,2
1460,infamous,2
1461,warren,2
1462,benton,2
1463,carrier,2
1464,jeezy,2
1465,jermaine,2
1466,dupri,2
1467,jewel,2
1468,rez,2
1469,johnny,2
1470,juice,2
1471,juicy,2
1472,cole,2
1473,camp,2
1474,track,2
1475,kanye,2
1476,kempe,2
1477,kendrick,2
1478,lamar,2
1479,ink,2
1480,ray,2
1481,tee,2
1482,rap,2
1483,keith,2
1484,lauren,2
1485,darke,2
1486,dick,2
1487,marc,2
1488,ui,2
1489,vert,2
1490,flip,2
1491,lloyd,2
1492,louis,2
1493,thundercat,2
1494,christopher,2
1495,liu,2
1496,marion,2
1497,mario,2
1498,method,2
1499,redman,2
1500,elliott,2
1501,un,2
1502,mar,2
1503,naughty,2
1504,newly,2
1505,nicki,2
1506,minaj,2
1507,odd,2
1508,paz,2
1509,peewee,2
1510,longway,2
1511,pharoahe,2
1512,month,2
1513,pimp,2
1514,plan,2
1515,malone,2
1516,project,2
1517,ramriddlz,2
1518,rhapsody,2
1519,raz,2
1520,rely,2
1521,ross,2
1522,rico,2
1523,ritz,2
1524,royce,2
1525,roy,2
1526,sage,2
1527,francis,2
1528,sam,2
1529,sauce,2
1530,twin,2
1531,q,2
1532,price,2
1533,silk,2
1534,septum,2
1535,sleepy,2
1536,meter,2
1537,soulja,2
1538,special,2
1539,pm,2
1540,ssgkobe,2
1541,static,2
1542,selektah,2
1543,taylor,2
1544,ari,2
1545,talib,2
1546,kweli,2
1547,morgan,2
1548,martin,2
1549,tommy,2
1550,tory,2
1551,troy,2
1552,major,2
1553,ugly,2
1554,ms,2
1555,vic,2
1556,smith,2
1557,wiz,2
1558,khalifa,2
1559,jonas,2
1560,gleesh,2
1561,zaytoven,2
1562,loser,2
1563,dragon,2
1564,lac,2
1565,cortex,2
1566,​toi,2
1567,loan,2
1568,whoheem,2
1569,bubble,2
1570,monica,2
1571,ashton,2
1572,irwin,2
1573,becky,2
1574,brandy,2
1575,cher,2
1576,wire,2
1577,molly,2
1578,sycamore,2
1579,dua,2
1580,liga,2
1581,mai,2
1582,fivio,2
1583,groban,2
1584,bn,2
1585,nahmir,2
1586,window,2
1587,kylie,2
1588,soundtrack,2
1589,madison,2
1590,morris,2
1591,marshmello,2
1592,demi,2
1593,lovato,2
1594,france,2
1595,megan,2
1596,stallion,2
1597,crash,2
1598,bar,2
1599,recovery,2
1600,million,2
1601,kel,2
1602,seven,2
1603,sinéad,2
1604,slater,2
1605,shit,2
1606,tiago,2
1607,tyfontaine,2
1608,jeans,2
1609,vote,2
1610,tokyos,2
1611,revenge,2
1612,blanco,2
1613,comethazine,2
1614,ghetto,2
1615,meghan,2
1616,trainor,2
1617,mia,2
1618,nw,2
1619,slime,2
1620,princess,2
1621,wstrn,2
1622,wisdom,2
1623,dora,2
1624,favorite,2
1625,tres,2
1626,leroy,2
1627,week,2
1628,ricefield,2
1629,seiji,2
1630,oda,2
1631,genesis,2
1632,wilson,2
1633,mb,2
1634,jackbot,2
1635,gaming,2
1636,jh,2
1637,shirley,2
1638,bassey,2
1639,jacklin,2
1640,al,2
1641,nude,2
1642,sharon,2
1643,fate,2
1644,toosii,2
1645,ut,2
1646,jose,2
1647,et,2
1648,savannah,2
1649,unlike,2
1650,pluto,2
1651,amber,2
1652,austin,2
1653,self,2
1654,lk,2
1655,tucker,2
1656,danileigh,2
1657,shawty,2
1658,alo,2
1659,happiness,2
1660,real,2
1661,paris,2
1662,ro,2
1663,cha,2
1664,phoebe,2
1665,ping,2
1666,dante,2
1667,hitchcock,2
1668,guapdad,2
1669,baker,2
1670,lens,2
1671,version,2
1672,bunny,2
1673,wa,2
1674,grizzly,2
1675,buzz,2
1676,emeli,2
1677,sandé,2
1678,afdé,2
1679,chrome,2
1680,canyon,2
1681,miley,2
1682,florida,2
1683,georgia,2
1684,sea,2
1685,accident,2
1686,laroi,2
1687,rain,2
1688,st,2
1689,ban,2
1690,fyi,2
1691,carmen,2
1692,api,2
1693,discretion,1
1694,sly,1
1695,imagination,1
1696,sensuality,1
1697,excite,1
1698,perspective,1
1699,press,1
1700,lip,1
1701,huh,1
1702,countdown,1
1703,extinction,1
1704,society,1
1705,stillborn,1
1706,whiplash,1
1707,listener,1
1708,apocalypse,1
1709,hardwired,1
1710,anthrax,1
1711,antisocial,1
1712,wheel,1
1713,coheed,1
1714,cambria,1
1715,gin,1
1716,lumberjack,1
1717,rot,1
1718,lima,1
1719,hoobastank,1
1720,burden,1
1721,fiction,1
1722,rather,1
1723,motherfucker,1
1724,hang,1
1725,betray,1
1726,degrade,1
1727,hooker,1
1728,penis,1
1729,tantric,1
1730,astound,1
1731,blasphemy,1
1732,grind,1
1733,deaf,1
1734,dope,1
1735,prisoner,1
1736,sulfur,1
1737,nonpointchad,1
1738,hallelujah,1
1739,goat,1
1740,foreclosure,1
1741,buckcherry,1
1742,morejacoby,1
1743,shaddix,1
1744,gasoline,1
1745,national,1
1746,acrobat,1
1747,kryptonite,1
1748,sovereignabsolute,1
1749,zero,1
1750,hemorrhage,1
1751,rockin,1
1752,desire,1
1753,creep,1
1754,mouse,1
1755,perry,1
1756,mason,1
1757,adela,1
1758,capitalist,1
1759,bounce,1
1760,whatever,1
1761,sake,1
1762,prison,1
1763,unskinny,1
1764,strutter,1
1765,handle,1
1766,vicarious,1
1767,lightning,1
1768,needle,1
1769,halo,1
1770,whore,1
1771,frankenstein,1
1772,ser,1
1773,tankian,1
1774,empty,1
1775,wang,1
1776,tango,1
1777,addict,1
1778,bartender,1
1779,uriah,1
1780,reincarnate,1
1781,cemetery,1
1782,asylum,1
1783,darkness,1
1784,eleven,1
1785,paralyze,1
1786,rocker,1
1787,undertow,1
1788,skin,1
1789,christine,1
1790,liberate,1
1791,powerslave,1
1792,feed,1
1793,paranoia,1
1794,vengeance,1
1795,sabbra,1
1796,cadabra,1
1797,favor,1
1798,horseman,1
1799,heartache,1
1800,monkey,1
1801,taste,1
1802,doa,1
1803,believer,1
1804,lateralis,1
1805,moses,1
1806,copyright,1
1807,sanitarium,1
1808,cadillac,1
1809,afterall,1
1810,whiskey,1
1811,square,1
1812,shaman,1
1813,harvest,1
1814,greed,1
1815,unravel,1
1816,awhile,1
1817,clinch,1
1818,moth,1
1819,default,1
1820,cast,1
1821,motor,1
1822,horizondani,1
1823,filth,1
1824,wonderful,1
1825,sin,1
1826,painkiller,1
1827,fix,1
1828,angry,1
1829,gunman,1
1830,voodoo,1
1831,bornskrillexkill,1
1832,narcissistic,1
1833,size,1
1834,mz,1
1835,hyde,1
1836,suitepee,1
1837,adidas,1
1838,shelter,1
1839,neon,1
1840,antieverything,1
1841,slayer,1
1842,southern,1
1843,lever,1
1844,messiah,1
1845,hellionelectric,1
1846,tinkertrain,1
1847,kroovy,1
1848,killpop,1
1849,bloody,1
1850,armageddon,1
1851,remind,1
1852,irn,1
1853,amaryllis,1
1854,disappear,1
1855,jerry,1
1856,saturday,1
1857,ester,1
1858,truck,1
1859,zombiehoward,1
1860,stern,1
1861,ihateit,1
1862,nemesis,1
1863,blackfoot,1
1864,thoughtless,1
1865,wizard,1
1866,wolvesdiamante,1
1867,magnet,1
1868,manalishi,1
1869,strife,1
1870,snowblind,1
1871,til,1
1872,remedy,1
1873,manifest,1
1874,innervision,1
1875,justice,1
1876,slither,1
1877,removal,1
1878,realign,1
1879,krokus,1
1880,tokyo,1
1881,otherwise,1
1882,soldier,1
1883,punk,1
1884,point,1
1885,denial,1
1886,sweeting,1
1887,blackout,1
1888,toy,1
1889,attic,1
1890,loud,1
1891,decay,1
1892,deftonesmaynard,1
1893,keenan,1
1894,carry,1
1895,blacken,1
1896,vitamin,1
1897,along,1
1898,painless,1
1899,mantra,1
1900,march,1
1901,footstep,1
1902,pretender,1
1903,bend,1
1904,leg,1
1905,sham,1
1906,harvester,1
1907,sorrow,1
1908,wasteland,1
1909,union,1
1910,fastway,1
1911,peel,1
1912,godzilla,1
1913,resistance,1
1914,ieaiaio,1
1915,scratch,1
1916,stinkfist,1
1917,sleepwalk,1
1918,icarus,1
1919,infrared,1
1920,terrible,1
1921,divide,1
1922,psychosocial,1
1923,helmet,1
1924,unsung,1
1925,mad,1
1926,breakdown,1
1927,guy,1
1928,fairy,1
1929,taproot,1
1930,poem,1
1931,steelheart,1
1932,wynonas,1
1933,beaver,1
1934,stranglehold,1
1935,everlast,1
1936,slowly,1
1937,voltage,1
1938,cream,1
1939,bombtrack,1
1940,amity,1
1941,affliction,1
1942,lake,1
1943,os,1
1944,seek,1
1945,destroy,1
1946,funeral,1
1947,lovehatesexpain,1
1948,hangman,1
1949,nazareth,1
1950,beast,1
1951,harlot,1
1952,waffle,1
1953,rx,1
1954,mediate,1
1955,ballad,1
1956,novacaine,1
1957,nb,1
1958,belong,1
1959,reverse,1
1960,popular,1
1961,mortonchester,1
1962,bennington,1
1963,page,1
1964,heartbreak,1
1965,fist,1
1966,mother,1
1967,reader,1
1968,vengeful,1
1969,moneytalks,1
1970,polyamerous,1
1971,religion,1
1972,revolution,1
1973,disguise,1
1974,charger,1
1975,brooklyn,1
1976,anima,1
1977,silence,1
1978,wherever,1
1979,roam,1
1980,vermillion,1
1981,cord,1
1982,macabre,1
1983,cochise,1
1984,primal,1
1985,betty,1
1986,madman,1
1987,uncle,1
1988,cabin,1
1989,southtown,1
1990,untraveled,1
1991,zoo,1
1992,queensryche,1
1993,hole,1
1994,chalk,1
1995,outline,1
1996,papercut,1
1997,monte,1
1998,murder,1
1999,nero,1
2000,forte,1
2001,autograph,1
2002,devout,1
2003,syndrome,1
2004,stardust,1
2005,villain,1
2006,thrive,1
2007,solution,1
2008,org,1
2009,monday,1
2010,lydia,1
2011,judith,1
2012,indestructible,1
2013,tourniquet,1
2014,superbeast,1
2015,serenity,1
2016,bawitdaba,1
2017,pollution,1
2018,hush,1
2019,yankees,1
2020,symphony,1
2021,destruction,1
2022,send,1
2023,lick,1
2024,kashmir,1
2025,hysteria,1
2026,bury,1
2027,rooster,1
2028,betrayal,1
2029,matter,1
2030,michelle,1
2031,eruptionyou,1
2032,grip,1
2033,raid,1
2034,vehicle,1
2035,punishment,1
2036,modern,1
2037,cherry,1
2038,pie,1
2039,unchain,1
2040,stupify,1
2041,thorn,1
2042,thrill,1
2043,winger,1
2044,seventeen,1
2045,afterlife,1
2046,brownstone,1
2047,ladder,1
2048,saddle,1
2049,strike,1
2050,cradle,1
2051,thunderstruck,1
2052,breath,1
2053,cum,1
2054,du,1
2055,sabotage,1
2056,deed,1
2057,toll,1
2058,crowley,1
2059,foolin,1
2060,trooper,1
2061,bat,1
2062,bout,1
2063,mudshovel,1
2064,spoonman,1
2065,punchrob,1
2066,halford,1
2067,dracula,1
2068,bark,1
2069,undo,1
2070,guerrilla,1
2071,thy,1
2072,jenny,1
2073,salute,1
2074,kin,1
2075,thrace,1
2076,rusty,1
2077,cage,1
2078,nightrain,1
2079,unsainted,1
2080,wildside,1
2081,aerial,1
2082,wash,1
2083,pool,1
2084,filter,1
2085,epic,1
2086,tire,1
2087,feelgood,1
2088,testify,1
2089,blind,1
2090,lawyer,1
2091,sober,1
2092,toxicity,1
2093,powerman,1
2094,collide,1
2095,ballast,1
2096,diver,1
2097,leach,1
2098,teacher,1
2099,pour,1
2100,temple,1
2101,pilot,1
2102,schism,1
2103,puppet,1
2104,iss,1
2105,crüe,1
2106,kickstart,1
2107,resort,1
2108,quality,1
2109,outshined,1
2110,sickness,1
2111,spade,1
2112,panama,1
2113,sue,1
2114,nirvana,1
2115,spirit,1
2116,immigrant,1
2117,jungle,1
2118,fourpiece,1
2119,spotlight,1
2120,goal,1
2121,fundamental,1
2122,tune,1
2123,certain,1
2124,reading,1
2125,origin,1
2126,unknown,1
2127,series,1
2128,possibly,1
2129,fail,1
2130,prove,1
2131,viewscreen,1
2132,similar,1
2133,ago,1
2134,derelict,1
2135,reflector,1
2136,shield,1
2137,maximum,1
2138,phasis,1
2139,science,1
2140,average,1
2141,startdate,1
2142,elapse,1
2143,interception,1
2144,presence,1
2145,ignore,1
2146,indication,1
2147,department,1
2148,station,1
2149,standby,1
2150,sixty,1
2151,surface,1
2152,meteor,1
2153,scanner,1
2154,registry,1
2155,fragmentary,1
2156,mid,1
2157,socalled,1
2158,devote,1
2159,unemotional,1
2160,helm,1
2161,thcentury,1
2162,mciver,1
2163,settle,1
2164,paint,1
2165,attention,1
2166,personnel,1
2167,oxygen,1
2168,practice,1
2169,medicine,1
2170,atom,1
2171,scatter,1
2172,forth,1
2173,gadget,1
2174,oldfashioned,1
2175,energy,1
2176,clearsided,1
2177,seemingly,1
2178,asleep,1
2179,earthtype,1
2180,necessary,1
2181,theoretically,1
2182,handsome,1
2183,darkhaired,1
2184,programme,1
2185,often,1
2186,set,1
2187,whether,1
2188,condition,1
2189,revival,1
2190,approach,1
2191,pattern,1
2192,northern,1
2193,india,1
2194,sikh,1
2195,fantastic,1
2196,western,1
2197,mideuropean,1
2198,oriental,1
2199,maybe,1
2200,dust,1
2201,heartbeat,1
2202,clutter,1
2203,dye,1
2204,second,1
2205,slide,1
2206,trolley,1
2207,grasp,1
2208,transport,1
2209,discover,1
2210,supplemental,1
2211,specialist,1
2212,examination,1
2213,mysterious,1
2214,await,1
2215,success,1
2216,already,1
2217,frankly,1
2218,amaze,1
2219,physical,1
2220,recuperative,1
2221,malfunction,1
2222,discovery,1
2223,importance,1
2224,unanswered,1
2225,violent,1
2226,interplanetary,1
2227,nuclearpowered,1
2228,engine,1
2229,impractical,1
2230,suggest,1
2231,deportation,1
2232,arrive,1
2233,conclusion,1
2234,verge,1
2235,bomb,1
2236,existence,1
2237,efficiently,1
2238,advance,1
2239,require,1
2240,irritate,1
2241,irrigation,1
2242,capable,1
2243,emotion,1
2244,apology,1
2245,insufficient,1
2246,invite,1
2247,bedside,1
2248,nurse,1
2249,compliment,1
2250,valve,1
2251,lung,1
2252,efficiency,1
2253,percent,1
2254,brain,1
2255,desk,1
2256,member,1
2257,safety,1
2258,entire,1
2259,depend,1
2260,crewman,1
2261,strangely,1
2262,compel,1
2263,professionally,1
2264,profession,1
2265,specimen,1
2266,sheer,1
2267,delight,1
2268,examine,1
2269,adventuresome,1
2270,colourful,1
2271,honesty,1
2272,pity,1
2273,psychologist,1
2274,lab,1
2275,bio,1
2276,ab,1
2277,display,1
2278,instrument,1
2279,grab,1
2280,blade,1
2281,neck,1
2282,either,1
2283,squeeze,1
2284,knife,1
2285,carotid,1
2286,artery,1
2287,ear,1
2288,simply,1
2289,avoid,1
2290,argument,1
2291,unite,1
2292,gamma,1
2293,canister,1
2294,sometime,1
2295,example,1
2296,expedition,1
2297,convalescence,1
2298,precisely,1
2299,available,1
2300,tie,1
2301,cooperative,1
2302,considerable,1
2303,courtesy,1
2304,spend,1
2305,rest,1
2306,decent,1
2307,possibility,1
2308,seize,1
2309,simultaneously,1
2310,aggressive,1
2311,arrogant,1
2312,ambition,1
2313,collect,1
2314,ninety,1
2315,unaccounted,1
2316,reveal,1
2317,warweary,1
2318,chest,1
2319,calve,1
2320,participate,1
2321,rebirth,1
2322,luxury,1
2323,mention,1
2324,entertain,1
2325,perch,1
2326,historical,1
2327,information,1
2328,uncomplimentary,1
2329,fashion,1
2330,attractive,1
2331,loosen,1
2332,strand,1
2333,perhaps,1
2334,glad,1
2335,dine,1
2336,impressive,1
2337,fleet,1
2338,admiral,1
2339,strongly,1
2340,attract,1
2341,regulation,1
2342,official,1
2343,magnetism,1
2344,preoccupation,1
2345,crewwoman,1
2346,guide,1
2347,engagement,1
2348,gladiator,1
2349,flavius,1
2350,bold,1
2351,hobby,1
2352,uncover,1
2353,turban,1
2354,honor,1
2355,respond,1
2356,liqueur,1
2357,forgive,1
2358,anxious,1
2359,extraordinary,1
2360,journey,1
2361,manage,1
2362,noble,1
2363,unify,1
2364,humanity,1
2365,unity,1
2366,aspiration,1
2367,dozen,1
2368,dictatorship,1
2369,eventually,1
2370,caesar,1
2371,sympathy,1
2372,tactician,1
2373,tendency,1
2374,express,1
2375,military,1
2376,term,1
2377,warfare,1
2378,conceal,1
2379,prefer,1
2380,honest,1
2381,mankind,1
2382,courage,1
2383,order,1
2384,excuse,1
2385,permission,1
2386,pace,1
2387,understandable,1
2388,exactly,1
2389,resell,1
2390,embrace,1
2391,graciously,1
2392,tiresome,1
2393,assist,1
2394,guest,1
2395,absolute,1
2396,ruler,1
2397,asia,1
2398,overthrow,1
2399,confess,1
2400,sneak,1
2401,admiration,1
2402,dangerous,1
2403,sense,1
2404,certainly,1
2405,romanticism,1
2406,ruthless,1
2407,dictator,1
2408,barbarism,1
2409,appall,1
2410,nevertheless,1
2411,massacre,1
2412,misunderstand,1
2413,admire,1
2414,twenty,1
2415,immediately,1
2416,opposite,1
2417,unusual,1
2418,treatment,1
2419,identify,1
2420,computer,1
2421,imagine,1
2422,doubt,1
2423,genetic,1
2424,intrigue,1
2425,honestly,1
2426,inferior,1
2427,mentally,1
2428,physically,1
2429,improvement,1
2430,evolution,1
2431,advancement,1
2432,resume,1
2433,summon,1
2434,incapacitate,1
2435,pressure,1
2436,freshly,1
2437,muscle,1
2438,greet,1
2439,otto,1
2440,universe,1
2441,warp,1
2442,escape,1
2443,panel,1
2444,bulkhead,1
2445,button,1
2446,atmospheric,1
2447,override,1
2448,able,1
2449,exit,1
2450,negotiate,1
2451,neural,1
2452,thorough,1
2453,contact,1
2454,brilliant,1
2455,contingency,1
2456,anticipate,1
2457,surrender,1
2458,academic,1
2459,person,1
2460,unconscious,1
2461,entry,1
2462,discard,1
2463,worthless,1
2464,commendation,1
2465,recommend,1
2466,technician,1
2467,thule,1
2468,harrison,1
2469,responsibility,1
2470,speech,1
2471,gunpoint,1
2472,mechanical,1
2473,productivity,1
2474,fold,1
2475,complex,1
2476,serious,1
2477,error,1
2478,raise,1
2479,intervene,1
2480,realise,1
2481,heroic,1
2482,camaraderie,1
2483,recognise,1
2484,indicator,1
2485,hg,1
2486,select,1
2487,conquer,1
2488,reason,1
2489,joachim,1
2490,closely,1
2491,cooperate,1
2492,porthole,1
2493,repressurises,1
2494,outer,1
2495,tackle,1
2496,neckinches,1
2497,relay,1
2498,junction,1
2499,armory,1
2500,ling,1
2501,mcpherson,1
2502,ventilation,1
2503,grill,1
2504,cough,1
2505,message,1
2506,unable,1
2507,retake,1
2508,armour,1
2509,easily,1
2510,disarm,1
2511,crush,1
2512,alarm,1
2513,flare,1
2514,explode,1
2515,within,1
2516,throw,1
2517,club,1
2518,unconsciousness,1
2519,decision,1
2520,reorientation,1
2521,center,1
2522,session,1
2523,vest,1
2524,starfleet,1
2525,declare,1
2526,charge,1
2527,specification,1
2528,ceti,1
2529,habitable,1
2530,somewhat,1
2531,inhospitable,1
2532,continent,1
2533,court,1
2534,martial,1
2535,accompany,1
2536,struggle,1
2537,food,1
2538,escort,1
2539,scotsman,1
2540,lucifer,1
2541,learn,1
2542,crop,1
2543,spring,1
2544,plant,1
2545,indeed,1
2546,foolish,1
2547,consolation,1
2548,outro,1
2549,buddy,1
2550,chic,1
2551,horse,1
2552,north,1
2553,reserve,1
2554,bind,1
2555,cab,1
2556,mood,1
2557,mega,1
2558,fling,1
2559,hip,1
2560,beyond,1
2561,host,1
2562,sexy,1
2563,woooooo,1
2564,woodooh,1
2565,extasy,1
2566,straighten,1
2567,eve,1
2568,fame,1
2569,heel,1
2570,other¡mayday,1
2571,clique,1
2572,yyuki,1
2573,yuki,1
2574,sl,1
2575,pac,1
2576,rd,1
2577,cent,1
2578,ix,1
2579,eventhirty,1
2580,adam,1
2581,warlock,1
2582,tribe,1
2583,quest,1
2584,bari,1
2585,rocky,1
2586,snack,1
2587,twelvvy,1
2588,aaron,1
2589,cohen,1
2590,absoul,1
2591,aceyalone,1
2592,bronson,1
2593,add,1
2594,africa,1
2595,bambaata,1
2596,afdra,1
2597,ayala,1
2598,alex,1
2599,wiley,1
2600,spit,1
2601,amir,1
2602,andè,1
2603,andy,1
2604,anton,1
2605,apathy,1
2606,art,1
2607,vandelay,1
2608,agreece,1
2609,assad,1
2610,roth,1
2611,astro,1
2612,ataah,1
2613,august,1
2614,alina,1
2615,autumn,1
2616,arol,1
2617,azad,1
2618,azealia,1
2619,bbrockhampton,1
2620,blegit,1
2621,breal,1
2622,bdolan,1
2623,babbletron,1
2624,bash,1
2625,lucy,1
2626,ballot,1
2627,babu,1
2628,badman,1
2629,evo,1
2630,bas,1
2631,bernie,1
2632,sigel,1
2633,beatnuts,1
2634,burner,1
2635,boi,1
2636,hawk,1
2637,rit,1
2638,kuntry,1
2639,cello,1
2640,nord,1
2641,poker,1
2642,pun,1
2643,timer,1
2644,billionaire,1
2645,billy,1
2646,nehru,1
2647,bis,1
2648,div,1
2649,biz,1
2650,bizarre,1
2651,chicago,1
2652,ralphyl,1
2653,sheep,1
2654,blackalicious,1
2655,blake,1
2656,basic,1
2657,blah,1
2658,poet,1
2659,bliss,1
2660,blu,1
2661,scholar,1
2662,boathouse,1
2663,creekwater,1
2664,boat,1
2665,shmurda,1
2666,boida,1
2667,thugsnharmony,1
2668,boofpaxkmooky,1
2669,production,1
2670,badazz,1
2671,hong,1
2672,outlaw,1
2673,nubian,1
2674,bryson,1
2675,buckshot,1
2676,buckwild,1
2677,buff,1
2678,bump,1
2679,knuckle,1
2680,bun,1
2681,busdriver,1
2682,bushwick,1
2683,bill,1
2684,busy,1
2685,starski,1
2686,bunch,1
2687,bvdlvd,1
2688,ccbo,1
2689,cmurder,1
2690,cnote,1
2691,csick,1
2692,caleborate,1
2693,meekins,1
2694,cameron,1
2695,canibus,1
2696,cap,1
2697,capital,1
2698,caponennoreaga,1
2699,cappadonna,1
2700,murphy,1
2701,millionaire,1
2702,ceelo,1
2703,ceschi,1
2704,ces,1
2705,cru,1
2706,chamillionaire,1
2707,charles,1
2708,chaves,1
2709,chandler,1
2710,chan,1
2711,chevy,1
2712,chiddy,1
2713,childish,1
2714,gambino,1
2715,ching,1
2716,crack,1
2717,chubb,1
2718,chuuwee,1
2719,classify,1
2720,eclipse,1
2721,co,1
2722,costill,1
2723,um,1
2724,market,1
2725,consequence,1
2726,coolio,1
2727,copywrite,1
2728,cormega,1
2729,stizz,1
2730,chzz,1
2731,cunninlynguists,1
2732,corpse,1
2733,chi,1
2734,cone,1
2735,dnice,1
2736,ditc,1
2737,dram,1
2738,angelo,1
2739,beatminerz,1
2740,dag,1
2741,lynch,1
2742,sunshine,1
2743,ef,1
2744,racist,1
2745,dillinger,1
2746,prev,1
2747,dej,1
2748,homosapien,1
2749,delinquent,1
2750,delorean,1
2751,deltron,1
2752,derrick,1
2753,atla,1
2754,deniro,1
2755,farrar,1
2756,dude,1
2757,diabolic,1
2758,monde,1
2759,disable,1
2760,dilute,1
2761,jepson,1
2762,primo,1
2763,dizzy,1
2764,wright,1
2765,battlecat,1
2766,casper,1
2767,clue,1
2768,esc,1
2769,fel,1
2770,fuse,1
2771,lantern,1
2772,hoppe,1
2773,jeff,1
2774,slay,1
2775,khaled,1
2776,premier,1
2777,mx,1
2778,dominic,1
2779,donnie,1
2780,trumpet,1
2781,doomtree,1
2782,doppelgangaz,1
2783,doug,1
2784,drake,1
2785,drapht,1
2786,dreezy,1
2787,drugrixh,1
2788,pe,1
2789,drumma,1
2790,duckworth,1
2791,en,1
2792,esg,1
2793,earl,1
2794,sweatshirt,1
2795,easye,1
2796,dai,1
2797,el,1
2798,sensei,1
2799,elp,1
2800,leigh,1
2801,elahi,1
2802,emilio,1
2803,rojas,1
2804,eminem,1
2805,mp,1
2806,asme,1
2807,emd,1
2808,brick,1
2809,sermon,1
2810,eshon,1
2811,burgundy,1
2812,euro,1
2813,evidence,1
2814,ebenezer,1
2815,eyedea,1
2816,eazy,1
2817,ffabolous,1
2818,dex,1
2819,fashawn,1
2820,fully,1
2821,finale,1
2822,flatbush,1
2823,flavor,1
2824,rida,1
2825,lotus,1
2826,frank,1
2827,fredro,1
2828,frenchie,1
2829,fuschnickens,1
2830,fugees,1
2831,funkoars,1
2832,futuristic,1
2833,gteasy,1
2834,gunit,1
2835,boo,1
2836,gerald,1
2837,ghostemane,1
2838,ghostie,1
2839,ghostofblu,1
2840,gift,1
2841,goldie,1
2842,loc,1
2843,goldlink,1
2844,goode,1
2845,zoe,1
2846,pub,1
2847,grandemarshall,1
2848,gravediggaz,1
2849,greg,1
2850,grease,1
2851,grinch,1
2852,gt,1
2853,garza,1
2854,simpson,1
2855,gunplay,1
2856,ga,1
2857,gallon,1
2858,haslo,1
2859,haviah,1
2860,mighty,1
2861,havoc,1
2862,raza,1
2863,heltah,1
2864,skeltah,1
2865,hirez,1
2866,hitek,1
2867,hiifuture,1
2868,hilltop,1
2869,hitman,1
2870,hodge,1
2871,hollywood,1
2872,undead,1
2873,homeboy,1
2874,cocaine,1
2875,hoodrich,1
2876,pablo,1
2877,juan,1
2878,hopkin,1
2879,horrorshow,1
2880,inl,1
2881,iamsu,1
2882,cube,1
2883,icewear,1
2884,mezzo,1
2885,icet,1
2886,ilovemakonnen,1
2887,illuminate,1
2888,immortal,1
2889,indiana,1
2890,indo,1
2891,inspectah,1
2892,internet,1
2893,intuition,1
2894,isaiah,1
2895,rashad,1
2896,ishdarr,1
2897,stalin,1
2898,donate,1
2899,ja,1
2900,jaanay,1
2901,jacques,1
2902,jadakiss,1
2903,jalil,1
2904,jahzel,1
2905,garden,1
2906,jared,1
2907,evan,1
2908,cue,1
2909,electronica,1
2910,z,1
2911,jao,1
2912,pha,1
2913,jae,1
2914,peru,1
2915,damaja,1
2916,dir,1
2917,jin,1
2918,sudden,1
2919,joel,1
2920,ortiz,1
2921,badass,1
2922,trap,1
2923,polygon,1
2924,waltz,1
2925,jonathan,1
2926,jonwayne,1
2927,salle,1
2928,journalist,1
2929,ju,1
2930,juel,1
2931,junior,1
2932,jurassic,1
2933,kmrico,1
2934,ksolo,1
2935,kaan,1
2936,ke,1
2937,kwoe,1
2938,kanaan,1
2939,kannan,1
2940,kap,1
2941,kallous,1
2942,katie,1
2943,colon,1
2944,keen,1
2945,kerber,1
2946,capri,1
2947,audi,1
2948,hall,1
2949,louie,1
2950,samson,1
2951,kyleon,1
2952,killarmy,1
2953,kitty,1
2954,klassik,1
2955,knowturnal,1
2956,knowmads,1
2957,knox,1
2958,koda,1
2959,kokane,1
2960,kooley,1
2961,krayzie,1
2962,kreayshawn,1
2963,kristoff,1
2964,krizz,1
2965,kaliko,1
2966,krondon,1
2967,rsone,1
2968,kitt,1
2969,calhoun,1
2970,kurup,1
2971,kweku,1
2972,kwon,1
2973,kxzari,1
2974,kylof,1
2975,söze,1
2976,llorange,1
2977,lep,1
2978,bogus,1
2979,chat,1
2980,luck,1
2981,landfill,1
2982,professor,1
2983,larry,1
2984,june,1
2985,lecrae,1
2986,leekeleek,1
2987,leondre,1
2988,devries,1
2989,lex,1
2990,luger,1
2991,½,1
2992,debbie,1
2993,herb,1
2994,nika,1
2995,reese,1
2996,whyte,1
2997,kke,1
2998,yacht,1
2999,slum,1
3000,lux,1
3001,locksmith,1
3002,looptroop,1
3003,lootpack,1
3004,lorenzo,1
3005,los,1
3006,loverance,1
3007,lucien,1
3008,parker,1
3009,lucius,1
3010,ludacris,1
3011,luke,1
3012,luiz,1
3013,breeze,1
3014,lui,1
3015,mbe,1
3016,mop,1
3017,mateo,1
3018,maine,1
3019,macklemore,1
3020,madchild,1
3021,madlib,1
3022,malik,1
3023,mann,1
3024,minnie,1
3025,manolo,1
3026,marley,1
3027,baybee,1
3028,ren,1
3029,median,1
3030,meek,1
3031,merkules,1
3032,bleak,1
3033,mestizo,1
3034,metro,1
3035,grimm,1
3036,hz,1
3037,mic,1
3038,mick,1
3039,jenkins,1
3040,mickey,1
3041,milos,1
3042,stud,1
3043,misha,1
3044,mistah,1
3045,fab,1
3046,mod,1
3047,moose,1
3048,mos,1
3049,muthafuckin,1
3050,esquire,1
3051,mikko,1
3052,nslightn,1
3053,nwa,1
3054,nach,1
3055,picasso,1
3056,naledge,1
3057,nate,1
3058,netherfriends,1
3059,catchdubs,1
3060,nio,1
3061,nipsey,1
3062,hustle,1
3063,witty,1
3064,nocando,1
3065,noname,1
3066,nujabes,1
3067,nyzzy,1
3068,omys,1
3069,oddisee,1
3070,bastard,1
3071,omen,1
3072,onyx,1
3073,organize,1
3074,outerspace,1
3075,outcast,1
3076,overdoz,1
3077,reign,1
3078,prico,1
3079,pacewon,1
3080,packfm,1
3081,papoose,1
3082,castle,1
3083,partynextdoor,1
3084,pez,1
3085,perriano,1
3086,pete,1
3087,pharcyde,1
3088,pharrell,1
3089,williams,1
3090,phone,1
3091,pitbull,1
3092,playa,1
3093,playboy,1
3094,cart,1
3095,pouya,1
3096,pnas,1
3097,prezsport,1
3098,pro,1
3099,probcause,1
3100,prodigy,1
3101,pat,1
3102,proof,1
3103,proph,1
3104,prozak,1
3105,public,1
3106,pyramid,1
3107,vritra,1
3108,qtip,1
3109,quadeca,1
3110,quad,1
3111,poundsign,1
3112,quasimoto,1
3113,que,1
3114,latifah,1
3115,quell,1
3116,qwer,1
3117,ra,1
3118,rugged,1
3119,sremmurd,1
3120,raekwon,1
3121,raheem,1
3122,ralph,1
3123,ransom,1
3124,ras,1
3125,ratking,1
3126,raury,1
3127,simone,1
3128,rb,1
3129,pill,1
3130,redefiners,1
3131,res,1
3132,rewindraps,1
3133,quan,1
3134,recklezz,1
3135,ez,1
3136,curly,1
3137,roc,1
3138,marciano,1
3139,roscoe,1
3140,roxanne,1
3141,shaneé,1
3142,rizzo,1
3143,rosewood,1
3144,rundmc,1
3145,rvmbokash,1
3146,za,1
3147,sdot,1
3148,saga,1
3149,sadat,1
3150,sadistic,1
3151,sahtyre,1
3152,saigon,1
3153,salmon,1
3154,saltnepa,1
3155,savior,1
3156,scarface,1
3157,scarlxrd,1
3158,schema,1
3159,noel,1
3160,schoolboy,1
3161,schoolly,1
3162,atl,1
3163,sdotbraddy,1
3164,shaheen,1
3165,shaqisdope,1
3166,shane,1
3167,showbiz,1
3168,ag,1
3169,glizzy,1
3170,shyheim,1
3171,sincerely,1
3172,baptist,1
3173,skene,1
3174,skizzy,1
3175,skyzoo,1
3176,slaughterhouse,1
3177,slick,1
3178,slim,1
3179,slam,1
3180,village,1
3181,smit,1
3182,wesson,1
3183,smylez,1
3184,snoop,1
3185,snootie,1
3186,solo,1
3187,snowgoons,1
3188,sonreal,1
3189,soopafly,1
3190,sophie,1
3191,mischief,1
3192,spaceghostpurrp,1
3193,knockerz,1
3194,spenzo,1
3195,spice,1
3196,spodee,1
3197,sprnklz,1
3198,stanley,1
3199,starlito,1
3200,stat,1
3201,quo,1
3202,stormy,1
3203,stunt,1
3204,genius,1
3205,substantial,1
3206,swizz,1
3207,swizzz,1
3208,sy,1
3209,sybyr,1
3210,sylvan,1
3211,lace,1
3212,sa,1
3213,topain,1
3214,twayne,1
3215,tanya,1
3216,kobang,1
3217,tayyip,1
3218,nne,1
3219,teeflii,1
3220,terminology,1
3221,alkaholiks,1
3222,caption,1
3223,eastsidaz,1
3224,pea,1
3225,theblkhands,1
3226,thelonious,1
3227,lox,1
3228,neptunes,1
3229,theophilus,1
3230,thestandrd,1
3231,sugarhill,1
3232,thurn,1
3233,timbaland,1
3234,tico,1
3235,lopez,1
3236,swisher,1
3237,tony,1
3238,yao,1
3239,torre,1
3240,lane,1
3241,tokio,1
3242,trabolee,1
3243,trademark,1
3244,skydiver,1
3245,transplant,1
3246,trax,1
3247,trigg,1
3248,treacherous,1
3249,trinidad,1
3250,ave,1
3251,tshawntrusst,1
3252,tut,1
3253,twiztid,1
3254,thomas,1
3255,creator,1
3256,uufb,1
3257,ugod,1
3258,uk,1
3259,ultramagnetic,1
3260,underachiever,1
3261,uptown,1
3262,vnasty,1
3263,vanilla,1
3264,vee,1
3265,venus,1
3266,verbal,1
3267,kent,1
3268,mens,1
3269,spencer,1
3270,vince,1
3271,staple,1
3272,vinnie,1
3273,waka,1
3274,flock,1
3275,warm,1
3276,brew,1
3277,watsky,1
3278,wax,1
3279,wc,1
3280,weasel,1
3281,sims,1
3282,webster,1
3283,westside,1
3284,connection,1
3285,william,1
3286,wise,1
3287,intelligent,1
3288,lowry,1
3289,woogie,1
3290,wordsmith,1
3291,wrekonize,1
3292,wutang,1
3293,clan,1
3294,wyclef,1
3295,jean,1
3296,xzibit,1
3297,yyelawolf,1
3298,ying,1
3299,yang,1
3300,ng,1
3301,hstlr,1
3302,dolph,1
3303,dro,1
3304,droog,1
3305,yoda,1
3306,simmie,1
3307,stake,1
3308,zro,1
3309,fun,1
3310,keepsake,1
3311,pocket,1
3312,intro,1
3313,choose,1
3314,surely,1
3315,thought,1
3316,nut,1
3317,wind,1
3318,clothe,1
3319,affect,1
3320,mental,1
3321,reheeled,1
3322,wealth,1
3323,wrap,1
3324,stomach,1
3325,abound,1
3326,adrienne,1
3327,lender,1
3328,squadron,1
3329,posh,1
3330,pillowtalk,1
3331,duncan,1
3332,laurence,1
3333,phantom,1
3334,elton,1
3335,cloth,1
3336,booth,1
3337,jorja,1
3338,michaels,1
3339,uchis,1
3340,luz,1
3341,grammar,1
3342,california,1
3343,mallrat,1
3344,rockstar,1
3345,mcfly,1
3346,student,1
3347,​ppcocaine,1
3348,arcángel,1
3349,amantes,1
3350,amigos,1
3351,ur,1
3352,blockade,1
3353,balvin,1
3354,blackpink,1
3355,osborne,1
3356,curve,1
3357,bri,1
3358,poundside,1
3359,cascade,1
3360,moonwalkin,1
3361,chet,1
3362,coltrans,1
3363,maralia,1
3364,costa,1
3365,dblock,1
3366,europe,1
3367,pitch,1
3368,dawson,1
3369,range,1
3370,rover,1
3371,yessirski,1
3372,diablo,1
3373,theme,1
3374,af,1
3375,arena,1
3376,levitate,1
3377,dababy,1
3378,dylan,1
3379,brady,1
3380,henderson,1
3381,roger,1
3382,sanchez,1
3383,iia,1
3384,​tiny,1
3385,polo,1
3386,froogle,1
3387,pshet,1
3388,jogo,1
3389,tabius,1
3390,uranium,1
3391,hayes,1
3392,landmvrks,1
3393,rainfall,1
3394,leslie,1
3395,sia,1
3396,oops,1
3397,gashi,1
3398,apologetics,1
3399,syn,1
3400,duke,1
3401,lowkey,1
3402,int,1
3403,rah,1
3404,swiss,1
3405,ad,1
3406,upset,1
3407,raf,1
3408,yelawolf,1
3409,ronny,1
3410,rozei,1
3411,cautious,1
3412,streeter,1
3413,mendes,1
3414,connor,1
3415,trouble,1
3416,capolow,1
3417,fenix,1
3418,flexin,1
3419,lea,1
3420,cuff,1
3421,upsahl,1
3422,absofacto,1
3423,moneyonmymind,1
3424,virtual,1
3425,aerobic,1
3426,winona,1
3427,oak,1
3428,piano,1
3429,ama,1
3430,nfl,1
3431,hoodybaby,1
3432,paidway,1
3433,dg,1
3434,zedsu,1
3435,junglepussy,1
3436,attraction,1
3437,nawfod,1
3438,risk,1
3439,jewelz,1
3440,russian,1
3441,drippin,1
3442,island,1
3443,josef,1
3444,joyce,1
3445,mi,1
3446,corona,1
3447,maurice,1
3448,moore,1
3449,jydn,1
3450,tinashe,1
3451,texted,1
3452,adrian,1
3453,daniel,1
3454,asian,1
3455,cheat,1
3456,bryce,1
3457,vine,1
3458,flower,1
3459,masego,1
3460,shenseea,1
3461,tongue,1
3462,present,1
3463,sainvil,1
3464,sha,1
3465,ihateyousheed,1
3466,focus,1
3467,franchise,1
3468,trippie,1
3469,hollow,1
3470,therapy,1
3471,atlantic,1
3472,ethel,1
3473,allahıdan,1
3474,ul,1
3475,bussey,1
3476,jules,1
3477,backbeat,1
3478,forest,1
3479,rankin,1
3480,victoria,1
3481,monét,1
3482,vol,1
3483,vrsty,1
3484,shameless,1
3485,armagidion,1
3486,sai,1
3487,omär,1
3488,mereba,1
3489,twelvyy,1
3490,powerpuff,1
3491,brainstorm,1
3492,ane,1
3493,crumb,1
3494,beale,1
3495,peter,1
3496,pan,1
3497,tooth,1
3498,rexha,1
3499,jealous,1
3500,butcher,1
3501,timeless,1
3502,carmody,1
3503,ceraadi,1
3504,skate,1
3505,depot,1
3506,ohnine,1
3507,doi,1
3508,owens,1
3509,​cupcakke,1
3510,eddie,1
3511,ferdinand,1
3512,kareem,1
3513,kate,1
3514,frvrfriday,1
3515,shop,1
3516,demartino,1
3517,ji,1
3518,ny,1
3519,letter,1
3520,jax,1
3521,aura,1
3522,​john,1
3523,sunglass,1
3524,alanfrfr,1
3525,karla,1
3526,cho,1
3527,kit,1
3528,labyrinth,1
3529,ordinary,1
3530,ruin,1
3531,kuruko,1
3532,basket,1
3533,trend,1
3534,trapanese,1
3535,daboii,1
3536,​lil,1
3537,lykke,1
3538,li,1
3539,bro,1
3540,maggie,1
3541,lindemann,1
3542,scissorhands,1
3543,peezy,1
3544,poorstacy,1
3545,spell,1
3546,powfu,1
3547,stayever,1
3548,robot,1
3549,shiesty,1
3550,enchant,1
3551,shiday,1
3552,foogiano,1
3553,ronsocold,1
3554,elon,1
3555,flocco,1
3556,gorgeous,1
3557,sasha,1
3558,hypochondriac,1
3559,sideways,1
3560,sleepwalkrs,1
3561,mne,1
3562,fodera,1
3563,stephen,1
3564,whose,1
3565,ofía,1
3566,reyes,1
3567,mecca,1
3568,radhamusprime,1
3569,bennett,1
3570,sunset,1
3571,detectable,1
3572,griffin,1
3573,backwards,1
3574,yungblud,1
3575,cotton,1
3576,montage,1
3577,pearl,1
3578,jessie,1
3579,perth,1
3580,border,1
3581,demo,1
3582,mikayla,1
3583,sippel,1
3584,portugal,1
3585,weird,1
3586,yankovic,1
3587,rod,1
3588,wave,1
3589,gwen,1
3590,stefani,1
3591,sleigh,1
3592,laurel,1
3593,lau,1
3594,conan,1
3595,omar,1
3596,stave,1
3597,chika,1
3598,cordae,1
3599,alain,1
3600,castillo,1
3601,¡,1
3602,párate,1
3603,ayzha,1
3604,nyree,1
3605,guidance,1
3606,brickboydior,1
3607,commander,1
3608,ow,1
3609,jacob,1
3610,johnrobert,1
3611,healthy,1
3612,rowland,1
3613,uča,1
3614,ascension,1
3615,dusk,1
3616,luna,1
3617,madeintyo,1
3618,uncut,1
3619,mae,1
3620,muller,1
3621,hfbd,1
3622,pentatonix,1
3623,rejjie,1
3624,allegra,1
3625,bi,1
3626,renforshort,1
3627,​afterthoughts,1
3628,rostam,1
3629,untold,1
3630,rozzi,1
3631,leftout,1
3632,kenyon,1
3633,mcrae,1
3634,​lie,1
3635,gabrielle,1
3636,palin,1
3637,viagra,1
3638,distance,1
3639,mahone,1
3640,ava,1
3641,bhabie,1
3642,eug,1
3643,pull,1
3644,kgoldn,1
3645,karma,1
3646,skengdo,1
3647,inhaber,1
3648,jarry,1
3649,jawny,1
3650,koji,1
3651,fund,1
3652,cure,1
3653,pestilence,1
3654,coin,1
3655,nikeys,1
3656,huncho,1
3657,needtobreathe,1
3658,elle,1
3659,nots,1
3660,trace,1
3661,audemars,1
3662,sophia,1
3663,mesa,1
3664,sweat,1
3665,stefflon,1
3666,endless,1
3667,vibe,1
3668,pizza,1
3669,afrojack,1
3670,lennox,1
3671,cognac,1
3672,azure,1
3673,rider,1
3674,billie,1
3675,bird,1
3676,brad,1
3677,cox,1
3678,cavetown,1
3679,sharpen,1
3680,claire,1
3681,rosinkranz,1
3682,backyard,1
3683,jeremy,1
3684,archvillager,1
3685,monique,1
3686,dvbbs,1
3687,coast,1
3688,quinn,1
3689,xii,1
3690,eli,1
3691,ingram,1
3692,sickle,1
3693,geasy,1
3694,blackbear,1
3695,tangerine,1
3696,gar,1
3697,harry,1
3698,hudson,1
3699,overwhelm,1
3700,pa,1
3701,alfred,1
3702,ilira,1
3703,disclosure,1
3704,davis,1
3705,justin,1
3706,bieber,1
3707,kota,1
3708,lana,1
3709,rey,1
3710,lb,1
3711,kee,1
3712,vin,1
3713,local,1
3714,native,1
3715,lemon,1
3716,downhill,1
3717,mara,1
3718,kristina,1
3719,mma,1
3720,queloque,1
3721,maroon,1
3722,beige,1
3723,meli,1
3724,thieve,1
3725,phobia,1
3726,oral,1
3727,garland,1
3728,hilton,1
3729,puma,1
3730,snowflower,1
3731,language,1
3732,ay,1
3733,robin,1
3734,schulz,1
3735,kiddo,1
3736,russell,1
3737,dickerson,1
3738,choppas,1
3739,shaed,1
3740,shaka,1
3741,harnett,1
3742,sofia,1
3743,carson,1
3744,tabla,1
3745,residue,1
3746,weekend,1
3747,kenny,1
3748,vargas,1
3749,lagoa,1
3750,suddenly,1
3751,veronica,1
3752,fusaro,1
3753,beach,1
3754,beery,1
3755,bonecage,1
3756,nerdout,1
3757,sept,1
3758,calboy,1
3759,caroline,1
3760,polachek,1
3761,extend,1
3762,dodge,1
3763,ivorian,1
3764,unwanted,1
3765,zach,1
3766,tennis,1
3767,york,1
3768,ela,1
3769,minus,1
3770,dominique,1
3771,erika,1
3772,hackman,1
3773,nissan,1
3774,ultima,1
3775,nilüfer,1
3776,yahya,1
3777,nocap,1
3778,odette,1
3779,pap,1
3780,bucket,1
3781,heron,1
3782,golden,1
3783,bilmuri,1
3784,absolutelycrankingmymfinhog,1
3785,déjà,1
3786,vu,1
3787,ceil,1
3788,dolly,1
3789,patron,1
3790,rita,1
3791,sara,1
3792,evans,1
3793,goose,1
3794,daydream,1
3795,finneas,1
3796,galimatias,1
3797,switch,1
3798,julien,1
3799,healer,1
3800,gott,1
3801,mormor,1
3802,olivia,1
3803,dean,1
3804,echo,1
3805,rahi,1
3806,shygirl,1
3807,slayyyter,1
3808,destruct,1
3809,wiki,1
3810,ia,1
3811,gladstone,1
3812,notice,1
3813,spicy,1
3814,story,1
3815,oj,1
3816,amy,1
3817,shark,1
3818,mon,1
3819,barker,1
3820,mainé,1
3821,teardrop,1
3822,karizma,1
3823,donna,1
3824,missal,1
3825,eliza,1
3826,delusional,1
3827,sentimental,1
3828,fitz,1
3829,florio,1
3830,kasien,1
3831,gracey,1
3832,harlow,1
3833,lynn,1
3834,spear,1
3835,jeffries,1
3836,oliver,1
3837,vanjess,1
3838,ariana,1
3839,grande,1
3840,position,1
3841,alissa,1
3842,ashnikko,1
3843,halloweenie,1
3844,ii,1
3845,aurora,1
3846,feeling,1
3847,scofield,1
3848,awolnation,1
3849,radical,1
3850,babygirl,1
3851,bexey,1
3852,jawbone,1
3853,fb,1
3854,parkman,1
3855,blaze,1
3856,boofboiicy,1
3857,girlfriend,1
3858,bright,1
3859,brokeasf,1
3860,flute,1
3861,capulets,1
3862,bloodbath,1
3863,kentheman,1
3864,stapleton,1
3865,arkansas,1
3866,clove,1
3867,yankee,1
3868,kendo,1
3869,kaponi,1
3870,trombone,1
3871,kanji,1
3872,tpain,1
3873,krit,1
3874,firefly,1
3875,aacacia,1
3876,eden,1
3877,xo,1
3878,wonderwall,1
3879,stonebwoy,1
3880,nana,1
3881,rogue,1
3882,emily,1
3883,weisband,1
3884,pryde,1
3885,nopus,1
3886,fedde,1
3887,le,1
3888,gatekeeper,1
3889,muggin,1
3890,diner,1
3891,winter,1
3892,hannah,1
3893,morning,1
3894,jarvis,1
3895,locker,1
3896,illenium,1
3897,delong,1
3898,paper,1
3899,imelda,1
3900,agg,1
3901,franklin,1
3902,jac,1
3903,keedron,1
3904,bryant,1
3905,anthony,1
3906,norful,1
3907,morton,1
3908,rotimi,1
3909,anyá,1
3910,choir,1
3911,johná,1
3912,proto,1
3913,champagne,1
3914,fizzle,1
3915,karol,1
3916,bichota,1
3917,kat,1
3918,dahlia,1
3919,tu,1
3920,torture,1
3921,trunk,1
3922,kiesza,1
3923,sensuum,1
3924,defectui,1
3925,kim,1
3926,petra,1
3927,ko,1
3928,wetzel,1
3929,kream,1
3930,zohara,1
3931,si,1
3932,minogue,1
3933,lax,1
3934,facetime,1
3935,leann,1
3936,coyote,1
3937,megami,1
3938,lemaire,1
3939,leyla,1
3940,dreamy,1
3941,dimension,1
3942,obama,1
3943,melody,1
3944,daisy,1
3945,lougotcash,1
3946,ovum,1
3947,henry,1
3948,imanbek,1
3949,usher,1
3950,mat,1
3951,kearney,1
3952,matoma,1
3953,emma,1
3954,steinbakken,1
3955,bfive,1
3956,niv,1
3957,stage,1
3958,festival,1
3959,luv,1
3960,neil,1
3961,homefires,1
3962,mxmtoon,1
3963,hearted,1
3964,curid,1
3965,raissa,1
3966,crowd,1
3967,ruthanne,1
3968,samantha,1
3969,jade,1
3970,lang,1
3971,saweetie,1
3972,critch,1
3973,staysolidrocky,1
3974,tia,1
3975,gostelow,1
3976,sn,1
3977,beef,1
3978,eedd,1
3979,grief,1
3980,cub,1
3981,cludder,1
3982,ingrid,1
3983,address,1
3984,bug,1
3985,suck,1
3986,lewis,1
3987,sangria,1
3988,benee,1
3989,lily,1
3990,deadly,1
3991,silhouette,1
3992,duchovny,1
3993,empress,1
3994,jime,1
3995,stack,1
3996,​nothing,1
3997,judge,1
3998,kennyhoopla,1
3999,pia,1
4000,bitter,1
4001,rezz,1
4002,orbit,1
4003,carbon,1
4004,copy,1
4005,tail,1
4006,cruz,1
4007,stereo,1
4008,mc,1
4009,​that,1
4010,ariel,1
4011,nd,1
4012,grandson,1
4013,uru,1
4014,clarkson,1
4015,brett,1
4016,eldredge,1
4017,mistletoe,1
4018,kitten,1
4019,angelina,1
4020,rhys,1
4021,ré,1
4022,foster,1
4023,torus,1
4024,babyface,1
4025,ann,1
4026,balthazar,1
4027,ozuna,1
4028,plaque,1
4029,shoulder,1
4030,ceo,1
4031,guccihighwaters,1
4032,ignite,1
4033,tar,1
4034,remove,1
4035,mysonne,1
4036,posdnuos,1
4037,angèle,1
4038,​glaive,1
4039,touché,1
4040,comb,1
4041,lastlings,1
4042,traumatize,1
4043,petit,1
4044,biscuit,1
4045,avalanche,1
4046,interstellar,1
4047,faso,1
4048,alessio,1
4049,charlotte,1
4050,lawrence,1
4051,alicia,1
4052,carlile,1
4053,anna,1
4054,striker,1
4055,aviva,1
4056,dákit,1
4057,bella,1
4058,benassi,1
4059,lovelife,1
4060,betsy,1
4061,beta,1
4062,lem,1
4063,wal,1
4064,youngsta,1
4065,moneybagg,1
4066,carly,1
4067,jepsen,1
4068,client,1
4069,liaison,1
4070,intervention,1
4071,cmten,1
4072,glitch,1
4073,gum,1
4074,yrold,1
4075,deacon,1
4076,lore,1
4077,rie,1
4078,politik,1
4079,tweak,1
4080,elebi,1
4081,foureira,1
4082,raybans,1
4083,erthlings,1
4084,irrational,1
4085,gabbe,1
4086,hanna,1
4087,groundbreaking,1
4088,ana,1
4089,hotboii,1
4090,dim,1
4091,gwuapo,1
4092,mask,1
4093,jidtranada,1
4094,jvke,1
4095,ka,1
4096,ide,1
4097,league,1
4098,seraphine,1
4099,jara,1
4100,lexi,1
4101,kayzo,1
4102,scare,1
4103,liam,1
4104,payne,1
4105,neri,1
4106,zé,1
4107,loss,1
4108,oust,1
4109,sword,1
4110,waveshaper,1
4111,dma,1
4112,lemonhead,1
4113,medusa,1
4114,dermot,1
4115,melvoni,1
4116,castello,1
4117,onefour,1
4118,osquinn,1
4119,ericdoa,1
4120,midwest,1
4121,jackson,1
4122,peak,1
4123,duk,1
4124,wombat,1
4125,rab,1
4126,astrid,1
4127,hrv,1
4128,sagittarius,1
4129,rex,1
4130,raj,1
4131,robert,1
4132,nash,1
4133,ryo,1
4134,lerose,1
4135,outthaway,1
4136,swan,1
4137,krabby,1
4138,tiny,1
4139,kris,1
4140,floyd,1
4141,task,1
4142,sultan,1
4143,willow,1
4144,jerome,1
4145,themxxnlight,1
4146,ketchum,1
4147,tierra,1
4148,hack,1
4149,delude,1
4150,mit,1
4151,tristan,1
4152,ivan,1
4153,vaishalini,1
4154,vicetone,1
4155,ye,1
4156,reggie,1
4157,tank,1
4158,mio,1
4159,yungeen,1
4160,toe,1
4161,plug,1
4162,wendigo,1
4163,icd,1
4164,sch,1
4165,lyric,1
4166,lifeam,1
4167,jokehardyhargrindinggot,1
4168,itwhen,1
4169,livingout,1
4170,carsuch,1
4171,lifebreak,1
4172,upwe,1
4173,againshe,1
4174,liberal,1
4175,bedabout,1
4176,breadlike,1
4177,republicansthis,1
4178,blackread,1
4179,iti,1
4180,helpsi,1
4181,raprepeat,1
4182,itselfthanks,1
4183,motherlandthe,1
4184,obviousthe,1
4185,fraudulencecharge,1
4186,walletthe,1
4187,remainswhy,1
4188,profitdo,1
4189,afghanuncle,1
4190,hostageworking,1
4191,chainssince,1
4192,colonistthe,1
4193,spangledstrange,1
4194,fruitbizarre,1
4195,angleswar,1
4196,angelsthe,1
4197,zombiefiedplaying,1
4198,haloungrateful,1
4199,politiciansscheme,1
4200,thankfulevery,1
4201,sunday,1
4202,gamesbut,1
4203,payrolli,1
4204,wavessale,1
4205,worldmake,1
4206,navel,1
4207,herekilling,1
4208,brothersbecause,1
4209,ableto,1
4210,misguidedin,1
4211,likenesssaving,1
4212,mebreak,1
4213,cyclesas,1
4214,youngin,1
4215,rappers,1
4216,relativitygod,1
4217,wordphysicallyforeshadowc,1
4218,squaredliterally,1
4219,skie,1
4220,donehot,1
4221,problemsnow,1
4222,dreamsis,1
4223,smokesuch,1
4224,lifemight,1
4225,hound,1
4226,hermet,1
4227,junehad,1
4228,calendarthis,1
4229,shotlike,1
4230,marshall,1
4231,impartiali,1
4232,lifefully,1
4233,arsenaland,1
4234,grantedi,1
4235,mani,1
4236,chickto,1
4237,sandwichmiracle,1
4238,asinto,1
4239,shapei,1
4240,damageshe,1
4241,mayonaisealright,1
4242,bitstreet,1
4243,lifeoh,1
4244,itthe,1
4245,drugsthe,1
4246,violenceand,1
4247,dramai,1
4248,ityou,1
4249,outkarmait,1
4250,minutejust,1
4251,outwhat,1
4252,beon,1
4253,earthwhat,1
4254,worthwho,1
4255,skyi,1
4256,purposestraight,1
4257,minutesteachers,1
4258,worthlessi,1
4259,blockwhere,1
4260,refurbishedniggas,1
4261,curbblowweed,1
4262,servicetracks,1
4263,concretetracks,1
4264,palmdrive,1
4265,thru,1
4266,foodbuddy,1
4267,alongsmoking,1
4268,enlightenmentthat,1
4269,buddha,1
4270,ontrying,1
4271,parent,1
4272,sibling,1
4273,onthat,1
4274,lifeniggas,1
4275,wickedbut,1
4276,knightthey,1
4277,alrighti,1
4278,spandexyou,1
4279,tightyou,1
4280,niggas,1
4281,mandexthis,1
4282,planto,1
4283,tour,1
4284,landsand,1
4285,bless,1
4286,chickswhile,1
4287,dieyour,1
4288,handthat,1
4289,lifequit,1
4290,job,1
4291,businessyou,1
4292,killingem,1
4293,profitsall,1
4294,doubter,1
4295,witnesssuch,1
4296,lifehe,1
4297,gameabout,1
4298,ringshe,1
4299,dateended,1
4300,babyseatthis,1
4301,lifesuch,1
4302,lifeyou,1
4303,leftif,1
4304,rightyo,1
4305,minesfck,1
4306,limbstill,1
4307,fatherone,1
4308,cautiousbeefing,1
4309,jaw,1
4310,printsmenace,1
4311,picnic,1
4312,districtthe,1
4313,offenseturn,1
4314,receiver,1
4315,lawoff,1
4316,slausonunderachieversrat,1
4317,possumharsh,1
4318,reality,1
4319,rawnessempty,1
4320,trojans,1
4321,daughter,1
4322,carpetmade,1
4323,jazzis,1
4324,stench,1
4325,generation,1
4326,foulnessmake,1
4327,nauseous,1
4328,daycircle,1
4329,kdowning,1
4330,ofslowlyjust,1
4331,vomitblack,1
4332,amishanderson,1
4333,coopknows,1
4334,truthi,1
4335,bizso,1
4336,honestshe,1
4337,swallow,1
4338,datei,1
4339,appreciate,1
4340,fondnesswake,1
4341,niggasit,1
4342,downingnot,1
4343,seattopped,1
4344,tv,1
4345,screenquicker,1
4346,bagsscent,1
4347,colognestay,1
4348,smell,1
4349,lagbtch,1
4350,ttrieswants,1
4351,barebackless,1
4352,huhi,1
4353,thatdough,1
4354,workeda,1
4355,nigra,1
4356,ahoyishgrown,1
4357,presencefresh,1
4358,boyishbox,1
4359,office,1
4360,smashrecognize,1
4361,bignow,1
4362,dck,1
4363,carlos,1
4364,vital,1
4365,smile,1
4366,split,1
4367,bronx,1
4368,fit,1
4369,jews,1
4370,gay,1
4371,overseas,1
4372,dos,1
